"id","bldgtype","saleprice","mean_saleprice"
944,"Duplex",143000,"133541.076923076923"
737,"Duplex",93500,"133541.076923076923"
1231,"Duplex",190000,"133541.076923076923"
1351,"Duplex",200000,"133541.076923076923"
40,"Duplex",82000,"133541.076923076923"
1130,"Duplex",140000,"133541.076923076923"
53,"Duplex",110000,"133541.076923076923"
571,"Duplex",142600,"133541.076923076923"
138,"Duplex",171000,"133541.076923076923"
1233,"Duplex",101800,"133541.076923076923"
911,"Duplex",154300,"133541.076923076923"
189,"Duplex",153337,"133541.076923076923"
943,"Duplex",150000,"133541.076923076923"
1337,"Duplex",135000,"133541.076923076923"
103,"Duplex",118964,"133541.076923076923"
1217,"Duplex",112000,"133541.076923076923"
898,"Duplex",142953,"133541.076923076923"
941,"Duplex",150900,"133541.076923076923"
895,"Duplex",118858,"133541.076923076923"
570,"Duplex",135960,"133541.076923076923"
956,"Duplex",145000,"133541.076923076923"
887,"Duplex",145000,"133541.076923076923"
922,"Duplex",145900,"133541.076923076923"
1413,"Duplex",90000,"133541.076923076923"
844,"Duplex",141000,"133541.076923076923"
1232,"Duplex",132500,"133541.076923076923"
145,"Duplex",125000,"133541.076923076923"
780,"Duplex",135000,"133541.076923076923"
985,"Duplex",126000,"133541.076923076923"
1091,"Duplex",92900,"133541.076923076923"
1392,"Duplex",124000,"133541.076923076923"
955,"Duplex",127500,"133541.076923076923"
914,"Duplex",145000,"133541.076923076923"
506,"Duplex",124500,"133541.076923076923"
1012,"Duplex",100000,"133541.076923076923"
1004,"Duplex",136905,"133541.076923076923"
729,"Duplex",110000,"133541.076923076923"
331,"Duplex",119000,"133541.076923076923"
779,"Duplex",144000,"133541.076923076923"
1451,"Duplex",136000,"133541.076923076923"
455,"Duplex",188000,"133541.076923076923"
635,"Duplex",144000,"133541.076923076923"
442,"Duplex",118000,"133541.076923076923"
1276,"Duplex",137000,"133541.076923076923"
79,"Duplex",136500,"133541.076923076923"
739,"Duplex",179000,"133541.076923076923"
1164,"Duplex",108959,"133541.076923076923"
1284,"Duplex",139000,"133541.076923076923"
583,"Duplex",118500,"133541.076923076923"
18,"Duplex",90000,"133541.076923076923"
343,"Duplex",87500,"133541.076923076923"
421,"Duplex",206300,"133541.076923076923"
62,"Single-family Detached",101000,"185763.807377049180"
64,"Single-family Detached",140000,"185763.807377049180"
65,"Single-family Detached",219500,"185763.807377049180"
66,"Single-family Detached",317000,"185763.807377049180"
67,"Single-family Detached",180000,"185763.807377049180"
68,"Single-family Detached",226000,"185763.807377049180"
69,"Single-family Detached",80000,"185763.807377049180"
70,"Single-family Detached",225000,"185763.807377049180"
71,"Single-family Detached",244000,"185763.807377049180"
72,"Single-family Detached",129500,"185763.807377049180"
73,"Single-family Detached",185000,"185763.807377049180"
74,"Single-family Detached",144900,"185763.807377049180"
75,"Single-family Detached",107400,"185763.807377049180"
77,"Single-family Detached",135750,"185763.807377049180"
78,"Single-family Detached",127000,"185763.807377049180"
80,"Single-family Detached",110000,"185763.807377049180"
81,"Single-family Detached",193500,"185763.807377049180"
83,"Single-family Detached",245000,"185763.807377049180"
84,"Single-family Detached",126500,"185763.807377049180"
85,"Single-family Detached",168500,"185763.807377049180"
86,"Single-family Detached",260000,"185763.807377049180"
87,"Single-family Detached",174000,"185763.807377049180"
89,"Single-family Detached",85000,"185763.807377049180"
90,"Single-family Detached",123600,"185763.807377049180"
91,"Single-family Detached",109900,"185763.807377049180"
92,"Single-family Detached",98600,"185763.807377049180"
93,"Single-family Detached",163500,"185763.807377049180"
95,"Single-family Detached",204750,"185763.807377049180"
96,"Single-family Detached",185000,"185763.807377049180"
97,"Single-family Detached",214000,"185763.807377049180"
98,"Single-family Detached",94750,"185763.807377049180"
99,"Single-family Detached",83000,"185763.807377049180"
100,"Single-family Detached",128950,"185763.807377049180"
101,"Single-family Detached",205000,"185763.807377049180"
102,"Single-family Detached",178000,"185763.807377049180"
104,"Single-family Detached",198900,"185763.807377049180"
105,"Single-family Detached",169500,"185763.807377049180"
106,"Single-family Detached",250000,"185763.807377049180"
107,"Single-family Detached",100000,"185763.807377049180"
108,"Single-family Detached",115000,"185763.807377049180"
109,"Single-family Detached",115000,"185763.807377049180"
110,"Single-family Detached",190000,"185763.807377049180"
111,"Single-family Detached",136900,"185763.807377049180"
112,"Single-family Detached",180000,"185763.807377049180"
113,"Single-family Detached",383970,"185763.807377049180"
114,"Single-family Detached",217000,"185763.807377049180"
115,"Single-family Detached",259500,"185763.807377049180"
117,"Single-family Detached",139000,"185763.807377049180"
118,"Single-family Detached",155000,"185763.807377049180"
119,"Single-family Detached",320000,"185763.807377049180"
120,"Single-family Detached",163990,"185763.807377049180"
121,"Single-family Detached",180000,"185763.807377049180"
122,"Single-family Detached",100000,"185763.807377049180"
123,"Single-family Detached",136000,"185763.807377049180"
125,"Single-family Detached",181000,"185763.807377049180"
128,"Single-family Detached",87000,"185763.807377049180"
129,"Single-family Detached",155000,"185763.807377049180"
130,"Single-family Detached",150000,"185763.807377049180"
131,"Single-family Detached",226000,"185763.807377049180"
132,"Single-family Detached",244000,"185763.807377049180"
133,"Single-family Detached",150750,"185763.807377049180"
134,"Single-family Detached",220000,"185763.807377049180"
135,"Single-family Detached",180000,"185763.807377049180"
136,"Single-family Detached",174000,"185763.807377049180"
137,"Single-family Detached",143000,"185763.807377049180"
139,"Single-family Detached",230000,"185763.807377049180"
140,"Single-family Detached",231500,"185763.807377049180"
141,"Single-family Detached",115000,"185763.807377049180"
142,"Single-family Detached",260000,"185763.807377049180"
143,"Single-family Detached",166000,"185763.807377049180"
144,"Single-family Detached",204000,"185763.807377049180"
147,"Single-family Detached",105000,"185763.807377049180"
148,"Single-family Detached",222500,"185763.807377049180"
149,"Single-family Detached",141000,"185763.807377049180"
150,"Single-family Detached",115000,"185763.807377049180"
151,"Single-family Detached",122000,"185763.807377049180"
152,"Single-family Detached",372402,"185763.807377049180"
153,"Single-family Detached",190000,"185763.807377049180"
154,"Single-family Detached",235000,"185763.807377049180"
155,"Single-family Detached",125000,"185763.807377049180"
156,"Single-family Detached",79000,"185763.807377049180"
157,"Single-family Detached",109500,"185763.807377049180"
158,"Single-family Detached",269500,"185763.807377049180"
159,"Single-family Detached",254900,"185763.807377049180"
160,"Single-family Detached",320000,"185763.807377049180"
161,"Single-family Detached",162500,"185763.807377049180"
162,"Single-family Detached",412500,"185763.807377049180"
163,"Single-family Detached",220000,"185763.807377049180"
164,"Single-family Detached",103200,"185763.807377049180"
165,"Single-family Detached",152000,"185763.807377049180"
167,"Single-family Detached",190000,"185763.807377049180"
168,"Single-family Detached",325624,"185763.807377049180"
169,"Single-family Detached",183500,"185763.807377049180"
170,"Single-family Detached",228000,"185763.807377049180"
171,"Single-family Detached",128500,"185763.807377049180"
172,"Single-family Detached",215000,"185763.807377049180"
174,"Single-family Detached",163000,"185763.807377049180"
175,"Single-family Detached",184000,"185763.807377049180"
176,"Single-family Detached",243000,"185763.807377049180"
177,"Single-family Detached",211000,"185763.807377049180"
178,"Single-family Detached",172500,"185763.807377049180"
179,"Single-family Detached",501837,"185763.807377049180"
180,"Single-family Detached",100000,"185763.807377049180"
182,"Single-family Detached",200100,"185763.807377049180"
183,"Single-family Detached",120000,"185763.807377049180"
184,"Single-family Detached",200000,"185763.807377049180"
185,"Single-family Detached",127000,"185763.807377049180"
186,"Single-family Detached",475000,"185763.807377049180"
187,"Single-family Detached",173000,"185763.807377049180"
188,"Single-family Detached",135000,"185763.807377049180"
191,"Single-family Detached",315000,"185763.807377049180"
192,"Single-family Detached",184000,"185763.807377049180"
193,"Single-family Detached",192000,"185763.807377049180"
195,"Single-family Detached",127000,"185763.807377049180"
197,"Single-family Detached",311872,"185763.807377049180"
198,"Single-family Detached",235000,"185763.807377049180"
199,"Single-family Detached",104000,"185763.807377049180"
200,"Single-family Detached",274900,"185763.807377049180"
201,"Single-family Detached",140000,"185763.807377049180"
202,"Single-family Detached",171500,"185763.807377049180"
203,"Single-family Detached",112000,"185763.807377049180"
205,"Single-family Detached",110000,"185763.807377049180"
206,"Single-family Detached",180500,"185763.807377049180"
207,"Single-family Detached",143900,"185763.807377049180"
208,"Single-family Detached",141000,"185763.807377049180"
209,"Single-family Detached",277000,"185763.807377049180"
210,"Single-family Detached",145000,"185763.807377049180"
211,"Single-family Detached",98000,"185763.807377049180"
212,"Single-family Detached",186000,"185763.807377049180"
213,"Single-family Detached",252678,"185763.807377049180"
214,"Single-family Detached",156000,"185763.807377049180"
215,"Single-family Detached",161750,"185763.807377049180"
216,"Single-family Detached",134450,"185763.807377049180"
217,"Single-family Detached",210000,"185763.807377049180"
218,"Single-family Detached",107000,"185763.807377049180"
219,"Single-family Detached",311500,"185763.807377049180"
221,"Single-family Detached",204900,"185763.807377049180"
222,"Single-family Detached",200000,"185763.807377049180"
223,"Single-family Detached",179900,"185763.807377049180"
224,"Single-family Detached",97000,"185763.807377049180"
225,"Single-family Detached",386250,"185763.807377049180"
227,"Single-family Detached",290000,"185763.807377049180"
229,"Single-family Detached",125000,"185763.807377049180"
231,"Single-family Detached",148000,"185763.807377049180"
232,"Single-family Detached",403000,"185763.807377049180"
234,"Single-family Detached",128200,"185763.807377049180"
235,"Single-family Detached",216500,"185763.807377049180"
237,"Single-family Detached",185500,"185763.807377049180"
238,"Single-family Detached",194500,"185763.807377049180"
239,"Single-family Detached",318000,"185763.807377049180"
240,"Single-family Detached",113000,"185763.807377049180"
241,"Single-family Detached",262500,"185763.807377049180"
242,"Single-family Detached",110500,"185763.807377049180"
243,"Single-family Detached",79000,"185763.807377049180"
245,"Single-family Detached",205000,"185763.807377049180"
246,"Single-family Detached",241500,"185763.807377049180"
248,"Single-family Detached",140000,"185763.807377049180"
249,"Single-family Detached",180000,"185763.807377049180"
250,"Single-family Detached",277000,"185763.807377049180"
251,"Single-family Detached",76500,"185763.807377049180"
253,"Single-family Detached",173000,"185763.807377049180"
254,"Single-family Detached",158000,"185763.807377049180"
255,"Single-family Detached",145000,"185763.807377049180"
468,"Single-family Detached",146500,"185763.807377049180"
256,"Single-family Detached",230000,"185763.807377049180"
257,"Single-family Detached",207500,"185763.807377049180"
258,"Single-family Detached",220000,"185763.807377049180"
259,"Single-family Detached",231500,"185763.807377049180"
260,"Single-family Detached",97000,"185763.807377049180"
261,"Single-family Detached",176000,"185763.807377049180"
262,"Single-family Detached",276000,"185763.807377049180"
263,"Single-family Detached",151000,"185763.807377049180"
264,"Single-family Detached",130000,"185763.807377049180"
265,"Single-family Detached",73000,"185763.807377049180"
266,"Single-family Detached",175500,"185763.807377049180"
267,"Single-family Detached",185000,"185763.807377049180"
268,"Single-family Detached",179500,"185763.807377049180"
269,"Single-family Detached",120500,"185763.807377049180"
270,"Single-family Detached",148000,"185763.807377049180"
271,"Single-family Detached",266000,"185763.807377049180"
272,"Single-family Detached",241500,"185763.807377049180"
273,"Single-family Detached",290000,"185763.807377049180"
274,"Single-family Detached",139000,"185763.807377049180"
275,"Single-family Detached",124500,"185763.807377049180"
276,"Single-family Detached",205000,"185763.807377049180"
277,"Single-family Detached",201000,"185763.807377049180"
278,"Single-family Detached",141000,"185763.807377049180"
279,"Single-family Detached",415298,"185763.807377049180"
280,"Single-family Detached",192000,"185763.807377049180"
281,"Single-family Detached",228500,"185763.807377049180"
282,"Single-family Detached",185000,"185763.807377049180"
284,"Single-family Detached",244600,"185763.807377049180"
287,"Single-family Detached",159000,"185763.807377049180"
288,"Single-family Detached",88000,"185763.807377049180"
289,"Single-family Detached",122000,"185763.807377049180"
290,"Single-family Detached",153575,"185763.807377049180"
291,"Single-family Detached",233230,"185763.807377049180"
293,"Single-family Detached",131000,"185763.807377049180"
294,"Single-family Detached",235000,"185763.807377049180"
295,"Single-family Detached",167000,"185763.807377049180"
296,"Single-family Detached",142500,"185763.807377049180"
297,"Single-family Detached",152000,"185763.807377049180"
298,"Single-family Detached",239000,"185763.807377049180"
299,"Single-family Detached",175000,"185763.807377049180"
300,"Single-family Detached",158500,"185763.807377049180"
302,"Single-family Detached",267000,"185763.807377049180"
303,"Single-family Detached",205000,"185763.807377049180"
304,"Single-family Detached",149900,"185763.807377049180"
305,"Single-family Detached",295000,"185763.807377049180"
306,"Single-family Detached",305900,"185763.807377049180"
307,"Single-family Detached",225000,"185763.807377049180"
308,"Single-family Detached",89500,"185763.807377049180"
309,"Single-family Detached",82500,"185763.807377049180"
310,"Single-family Detached",360000,"185763.807377049180"
311,"Single-family Detached",165600,"185763.807377049180"
312,"Single-family Detached",132000,"185763.807377049180"
314,"Single-family Detached",375000,"185763.807377049180"
315,"Single-family Detached",178000,"185763.807377049180"
316,"Single-family Detached",188500,"185763.807377049180"
317,"Single-family Detached",260000,"185763.807377049180"
318,"Single-family Detached",270000,"185763.807377049180"
319,"Single-family Detached",260000,"185763.807377049180"
320,"Single-family Detached",187500,"185763.807377049180"
321,"Single-family Detached",342643,"185763.807377049180"
322,"Single-family Detached",354000,"185763.807377049180"
323,"Single-family Detached",301000,"185763.807377049180"
324,"Single-family Detached",126175,"185763.807377049180"
325,"Single-family Detached",242000,"185763.807377049180"
326,"Single-family Detached",87000,"185763.807377049180"
328,"Single-family Detached",145250,"185763.807377049180"
329,"Single-family Detached",214500,"185763.807377049180"
330,"Single-family Detached",78000,"185763.807377049180"
332,"Single-family Detached",139000,"185763.807377049180"
333,"Single-family Detached",284000,"185763.807377049180"
335,"Single-family Detached",192000,"185763.807377049180"
337,"Single-family Detached",377426,"185763.807377049180"
338,"Single-family Detached",214000,"185763.807377049180"
339,"Single-family Detached",202500,"185763.807377049180"
938,"Single-family Detached",253000,"185763.807377049180"
340,"Single-family Detached",155000,"185763.807377049180"
341,"Single-family Detached",202900,"185763.807377049180"
342,"Single-family Detached",82000,"185763.807377049180"
1460,"Single-family Detached",147500,"185763.807377049180"
2,"Single-family Detached",181500,"185763.807377049180"
3,"Single-family Detached",223500,"185763.807377049180"
4,"Single-family Detached",140000,"185763.807377049180"
5,"Single-family Detached",250000,"185763.807377049180"
6,"Single-family Detached",143000,"185763.807377049180"
7,"Single-family Detached",307000,"185763.807377049180"
8,"Single-family Detached",200000,"185763.807377049180"
9,"Single-family Detached",129900,"185763.807377049180"
11,"Single-family Detached",129500,"185763.807377049180"
12,"Single-family Detached",345000,"185763.807377049180"
13,"Single-family Detached",144000,"185763.807377049180"
14,"Single-family Detached",279500,"185763.807377049180"
15,"Single-family Detached",157000,"185763.807377049180"
16,"Single-family Detached",132000,"185763.807377049180"
17,"Single-family Detached",149000,"185763.807377049180"
19,"Single-family Detached",159000,"185763.807377049180"
20,"Single-family Detached",139000,"185763.807377049180"
21,"Single-family Detached",325300,"185763.807377049180"
22,"Single-family Detached",139400,"185763.807377049180"
23,"Single-family Detached",230000,"185763.807377049180"
25,"Single-family Detached",154000,"185763.807377049180"
26,"Single-family Detached",256300,"185763.807377049180"
27,"Single-family Detached",134800,"185763.807377049180"
28,"Single-family Detached",306000,"185763.807377049180"
29,"Single-family Detached",207500,"185763.807377049180"
30,"Single-family Detached",68500,"185763.807377049180"
31,"Single-family Detached",40000,"185763.807377049180"
32,"Single-family Detached",149350,"185763.807377049180"
33,"Single-family Detached",179900,"185763.807377049180"
34,"Single-family Detached",165500,"185763.807377049180"
36,"Single-family Detached",309000,"185763.807377049180"
37,"Single-family Detached",145000,"185763.807377049180"
38,"Single-family Detached",153000,"185763.807377049180"
39,"Single-family Detached",109000,"185763.807377049180"
41,"Single-family Detached",160000,"185763.807377049180"
42,"Single-family Detached",170000,"185763.807377049180"
43,"Single-family Detached",144000,"185763.807377049180"
44,"Single-family Detached",130250,"185763.807377049180"
45,"Single-family Detached",141000,"185763.807377049180"
47,"Single-family Detached",239686,"185763.807377049180"
48,"Single-family Detached",249700,"185763.807377049180"
50,"Single-family Detached",127000,"185763.807377049180"
51,"Single-family Detached",177000,"185763.807377049180"
52,"Single-family Detached",114500,"185763.807377049180"
54,"Single-family Detached",385000,"185763.807377049180"
55,"Single-family Detached",130000,"185763.807377049180"
56,"Single-family Detached",180500,"185763.807377049180"
58,"Single-family Detached",196500,"185763.807377049180"
59,"Single-family Detached",438780,"185763.807377049180"
60,"Single-family Detached",124900,"185763.807377049180"
61,"Single-family Detached",158000,"185763.807377049180"
1239,"Single-family Detached",142500,"185763.807377049180"
1240,"Single-family Detached",265900,"185763.807377049180"
1241,"Single-family Detached",224900,"185763.807377049180"
1242,"Single-family Detached",248328,"185763.807377049180"
1243,"Single-family Detached",170000,"185763.807377049180"
1244,"Single-family Detached",465000,"185763.807377049180"
1245,"Single-family Detached",230000,"185763.807377049180"
1246,"Single-family Detached",178000,"185763.807377049180"
1247,"Single-family Detached",186500,"185763.807377049180"
1248,"Single-family Detached",169900,"185763.807377049180"
1249,"Single-family Detached",129500,"185763.807377049180"
1250,"Single-family Detached",119000,"185763.807377049180"
1251,"Single-family Detached",244000,"185763.807377049180"
1253,"Single-family Detached",130000,"185763.807377049180"
1254,"Single-family Detached",294000,"185763.807377049180"
1255,"Single-family Detached",165400,"185763.807377049180"
1256,"Single-family Detached",127500,"185763.807377049180"
1257,"Single-family Detached",301500,"185763.807377049180"
1258,"Single-family Detached",99900,"185763.807377049180"
1259,"Single-family Detached",190000,"185763.807377049180"
1260,"Single-family Detached",151000,"185763.807377049180"
1261,"Single-family Detached",181000,"185763.807377049180"
1262,"Single-family Detached",128900,"185763.807377049180"
1263,"Single-family Detached",161500,"185763.807377049180"
1264,"Single-family Detached",180500,"185763.807377049180"
1268,"Single-family Detached",378500,"185763.807377049180"
1269,"Single-family Detached",381000,"185763.807377049180"
1270,"Single-family Detached",144000,"185763.807377049180"
1271,"Single-family Detached",260000,"185763.807377049180"
1272,"Single-family Detached",185750,"185763.807377049180"
1273,"Single-family Detached",137000,"185763.807377049180"
1274,"Single-family Detached",177000,"185763.807377049180"
1275,"Single-family Detached",139000,"185763.807377049180"
1277,"Single-family Detached",162000,"185763.807377049180"
1278,"Single-family Detached",197900,"185763.807377049180"
1279,"Single-family Detached",237000,"185763.807377049180"
1280,"Single-family Detached",68400,"185763.807377049180"
1281,"Single-family Detached",227000,"185763.807377049180"
1282,"Single-family Detached",180000,"185763.807377049180"
1283,"Single-family Detached",150500,"185763.807377049180"
1285,"Single-family Detached",169000,"185763.807377049180"
1286,"Single-family Detached",132500,"185763.807377049180"
1287,"Single-family Detached",143000,"185763.807377049180"
1288,"Single-family Detached",190000,"185763.807377049180"
1290,"Single-family Detached",281000,"185763.807377049180"
1291,"Single-family Detached",180500,"185763.807377049180"
1293,"Single-family Detached",107500,"185763.807377049180"
1294,"Single-family Detached",162900,"185763.807377049180"
1295,"Single-family Detached",115000,"185763.807377049180"
1296,"Single-family Detached",138500,"185763.807377049180"
1297,"Single-family Detached",155000,"185763.807377049180"
1299,"Single-family Detached",160000,"185763.807377049180"
1300,"Single-family Detached",154000,"185763.807377049180"
1301,"Single-family Detached",225000,"185763.807377049180"
1302,"Single-family Detached",177500,"185763.807377049180"
1303,"Single-family Detached",290000,"185763.807377049180"
1304,"Single-family Detached",232000,"185763.807377049180"
1306,"Single-family Detached",325000,"185763.807377049180"
1308,"Single-family Detached",138000,"185763.807377049180"
1309,"Single-family Detached",147000,"185763.807377049180"
1310,"Single-family Detached",179200,"185763.807377049180"
1311,"Single-family Detached",335000,"185763.807377049180"
1312,"Single-family Detached",203000,"185763.807377049180"
1313,"Single-family Detached",302000,"185763.807377049180"
1314,"Single-family Detached",333168,"185763.807377049180"
1315,"Single-family Detached",119000,"185763.807377049180"
1316,"Single-family Detached",206900,"185763.807377049180"
1317,"Single-family Detached",295493,"185763.807377049180"
1319,"Single-family Detached",275000,"185763.807377049180"
1320,"Single-family Detached",111000,"185763.807377049180"
1321,"Single-family Detached",156500,"185763.807377049180"
1322,"Single-family Detached",72500,"185763.807377049180"
1323,"Single-family Detached",190000,"185763.807377049180"
1324,"Single-family Detached",82500,"185763.807377049180"
1325,"Single-family Detached",147000,"185763.807377049180"
1326,"Single-family Detached",55000,"185763.807377049180"
1327,"Single-family Detached",79000,"185763.807377049180"
1328,"Single-family Detached",130500,"185763.807377049180"
1329,"Single-family Detached",256000,"185763.807377049180"
1330,"Single-family Detached",176500,"185763.807377049180"
1331,"Single-family Detached",227000,"185763.807377049180"
1332,"Single-family Detached",132500,"185763.807377049180"
1333,"Single-family Detached",100000,"185763.807377049180"
1334,"Single-family Detached",125500,"185763.807377049180"
1336,"Single-family Detached",167900,"185763.807377049180"
1338,"Single-family Detached",52500,"185763.807377049180"
1339,"Single-family Detached",200000,"185763.807377049180"
1340,"Single-family Detached",128500,"185763.807377049180"
1341,"Single-family Detached",123000,"185763.807377049180"
1342,"Single-family Detached",155000,"185763.807377049180"
1343,"Single-family Detached",228500,"185763.807377049180"
1344,"Single-family Detached",177000,"185763.807377049180"
1345,"Single-family Detached",155835,"185763.807377049180"
1346,"Single-family Detached",108500,"185763.807377049180"
1347,"Single-family Detached",262500,"185763.807377049180"
1348,"Single-family Detached",283463,"185763.807377049180"
1349,"Single-family Detached",215000,"185763.807377049180"
1350,"Single-family Detached",122000,"185763.807377049180"
1352,"Single-family Detached",171000,"185763.807377049180"
1353,"Single-family Detached",134900,"185763.807377049180"
1354,"Single-family Detached",410000,"185763.807377049180"
1355,"Single-family Detached",235000,"185763.807377049180"
1356,"Single-family Detached",170000,"185763.807377049180"
1357,"Single-family Detached",110000,"185763.807377049180"
1358,"Single-family Detached",149900,"185763.807377049180"
1360,"Single-family Detached",315000,"185763.807377049180"
1361,"Single-family Detached",189000,"185763.807377049180"
1362,"Single-family Detached",260000,"185763.807377049180"
1363,"Single-family Detached",104900,"185763.807377049180"
1364,"Single-family Detached",156932,"185763.807377049180"
1366,"Single-family Detached",216000,"185763.807377049180"
1367,"Single-family Detached",193000,"185763.807377049180"
1370,"Single-family Detached",232000,"185763.807377049180"
1371,"Single-family Detached",105000,"185763.807377049180"
1372,"Single-family Detached",165500,"185763.807377049180"
1373,"Single-family Detached",274300,"185763.807377049180"
1374,"Single-family Detached",466500,"185763.807377049180"
1375,"Single-family Detached",250000,"185763.807377049180"
1376,"Single-family Detached",239000,"185763.807377049180"
1377,"Single-family Detached",91000,"185763.807377049180"
1378,"Single-family Detached",117000,"185763.807377049180"
1380,"Single-family Detached",167500,"185763.807377049180"
1381,"Single-family Detached",58500,"185763.807377049180"
1382,"Single-family Detached",237500,"185763.807377049180"
1383,"Single-family Detached",157000,"185763.807377049180"
1384,"Single-family Detached",112000,"185763.807377049180"
1385,"Single-family Detached",105000,"185763.807377049180"
1386,"Single-family Detached",125500,"185763.807377049180"
1387,"Single-family Detached",250000,"185763.807377049180"
1388,"Single-family Detached",136000,"185763.807377049180"
1389,"Single-family Detached",377500,"185763.807377049180"
1390,"Single-family Detached",131000,"185763.807377049180"
1391,"Single-family Detached",235000,"185763.807377049180"
1393,"Single-family Detached",123000,"185763.807377049180"
1396,"Single-family Detached",281213,"185763.807377049180"
1397,"Single-family Detached",160000,"185763.807377049180"
1398,"Single-family Detached",137500,"185763.807377049180"
1399,"Single-family Detached",138000,"185763.807377049180"
1400,"Single-family Detached",137450,"185763.807377049180"
1401,"Single-family Detached",120000,"185763.807377049180"
1402,"Single-family Detached",193000,"185763.807377049180"
1403,"Single-family Detached",193879,"185763.807377049180"
1404,"Single-family Detached",282922,"185763.807377049180"
1405,"Single-family Detached",105000,"185763.807377049180"
1407,"Single-family Detached",133000,"185763.807377049180"
1408,"Single-family Detached",112000,"185763.807377049180"
1409,"Single-family Detached",125500,"185763.807377049180"
1410,"Single-family Detached",215000,"185763.807377049180"
1411,"Single-family Detached",230000,"185763.807377049180"
1412,"Single-family Detached",140000,"185763.807377049180"
1414,"Single-family Detached",257000,"185763.807377049180"
1415,"Single-family Detached",207000,"185763.807377049180"
1418,"Single-family Detached",340000,"185763.807377049180"
1419,"Single-family Detached",124000,"185763.807377049180"
1420,"Single-family Detached",223000,"185763.807377049180"
1421,"Single-family Detached",179900,"185763.807377049180"
1424,"Single-family Detached",274970,"185763.807377049180"
1425,"Single-family Detached",144000,"185763.807377049180"
1426,"Single-family Detached",142000,"185763.807377049180"
1427,"Single-family Detached",271000,"185763.807377049180"
1428,"Single-family Detached",140000,"185763.807377049180"
1429,"Single-family Detached",119000,"185763.807377049180"
1430,"Single-family Detached",182900,"185763.807377049180"
1431,"Single-family Detached",192140,"185763.807377049180"
1433,"Single-family Detached",64500,"185763.807377049180"
1434,"Single-family Detached",186500,"185763.807377049180"
1435,"Single-family Detached",160000,"185763.807377049180"
1436,"Single-family Detached",174000,"185763.807377049180"
1437,"Single-family Detached",120500,"185763.807377049180"
1438,"Single-family Detached",394617,"185763.807377049180"
1439,"Single-family Detached",149700,"185763.807377049180"
1440,"Single-family Detached",197000,"185763.807377049180"
1441,"Single-family Detached",191000,"185763.807377049180"
1443,"Single-family Detached",310000,"185763.807377049180"
1444,"Single-family Detached",121000,"185763.807377049180"
1445,"Single-family Detached",179600,"185763.807377049180"
1446,"Single-family Detached",129000,"185763.807377049180"
1447,"Single-family Detached",157900,"185763.807377049180"
1448,"Single-family Detached",240000,"185763.807377049180"
1449,"Single-family Detached",112000,"185763.807377049180"
1452,"Single-family Detached",287090,"185763.807377049180"
1454,"Single-family Detached",84500,"185763.807377049180"
1455,"Single-family Detached",185000,"185763.807377049180"
1456,"Single-family Detached",175000,"185763.807377049180"
1457,"Single-family Detached",210000,"185763.807377049180"
1458,"Single-family Detached",266500,"185763.807377049180"
1459,"Single-family Detached",142125,"185763.807377049180"
1,"Single-family Detached",208500,"185763.807377049180"
346,"Single-family Detached",140200,"185763.807377049180"
347,"Single-family Detached",151500,"185763.807377049180"
348,"Single-family Detached",157500,"185763.807377049180"
350,"Single-family Detached",437154,"185763.807377049180"
352,"Single-family Detached",190000,"185763.807377049180"
353,"Single-family Detached",95000,"185763.807377049180"
354,"Single-family Detached",105900,"185763.807377049180"
355,"Single-family Detached",140000,"185763.807377049180"
356,"Single-family Detached",177500,"185763.807377049180"
357,"Single-family Detached",173000,"185763.807377049180"
359,"Single-family Detached",130000,"185763.807377049180"
360,"Single-family Detached",280000,"185763.807377049180"
361,"Single-family Detached",156000,"185763.807377049180"
362,"Single-family Detached",145000,"185763.807377049180"
363,"Single-family Detached",198500,"185763.807377049180"
365,"Single-family Detached",190000,"185763.807377049180"
366,"Single-family Detached",147000,"185763.807377049180"
367,"Single-family Detached",159000,"185763.807377049180"
368,"Single-family Detached",165000,"185763.807377049180"
369,"Single-family Detached",132000,"185763.807377049180"
370,"Single-family Detached",162000,"185763.807377049180"
371,"Single-family Detached",172400,"185763.807377049180"
372,"Single-family Detached",134432,"185763.807377049180"
374,"Single-family Detached",123000,"185763.807377049180"
375,"Single-family Detached",219500,"185763.807377049180"
376,"Single-family Detached",61000,"185763.807377049180"
377,"Single-family Detached",148000,"185763.807377049180"
378,"Single-family Detached",340000,"185763.807377049180"
379,"Single-family Detached",394432,"185763.807377049180"
380,"Single-family Detached",179000,"185763.807377049180"
381,"Single-family Detached",127000,"185763.807377049180"
382,"Single-family Detached",187750,"185763.807377049180"
383,"Single-family Detached",213500,"185763.807377049180"
384,"Single-family Detached",76000,"185763.807377049180"
385,"Single-family Detached",240000,"185763.807377049180"
387,"Single-family Detached",81000,"185763.807377049180"
388,"Single-family Detached",125000,"185763.807377049180"
389,"Single-family Detached",191000,"185763.807377049180"
390,"Single-family Detached",426000,"185763.807377049180"
391,"Single-family Detached",119000,"185763.807377049180"
392,"Single-family Detached",215000,"185763.807377049180"
393,"Single-family Detached",106500,"185763.807377049180"
394,"Single-family Detached",100000,"185763.807377049180"
395,"Single-family Detached",109000,"185763.807377049180"
396,"Single-family Detached",129000,"185763.807377049180"
397,"Single-family Detached",123000,"185763.807377049180"
398,"Single-family Detached",169500,"185763.807377049180"
399,"Single-family Detached",67000,"185763.807377049180"
400,"Single-family Detached",241000,"185763.807377049180"
402,"Single-family Detached",164990,"185763.807377049180"
403,"Single-family Detached",108000,"185763.807377049180"
404,"Single-family Detached",258000,"185763.807377049180"
405,"Single-family Detached",168000,"185763.807377049180"
406,"Single-family Detached",150000,"185763.807377049180"
407,"Single-family Detached",115000,"185763.807377049180"
408,"Single-family Detached",177000,"185763.807377049180"
409,"Single-family Detached",280000,"185763.807377049180"
410,"Single-family Detached",339750,"185763.807377049180"
411,"Single-family Detached",60000,"185763.807377049180"
413,"Single-family Detached",222000,"185763.807377049180"
414,"Single-family Detached",115000,"185763.807377049180"
415,"Single-family Detached",228000,"185763.807377049180"
416,"Single-family Detached",181134,"185763.807377049180"
417,"Single-family Detached",149500,"185763.807377049180"
418,"Single-family Detached",239000,"185763.807377049180"
419,"Single-family Detached",126000,"185763.807377049180"
420,"Single-family Detached",142000,"185763.807377049180"
422,"Single-family Detached",215000,"185763.807377049180"
423,"Single-family Detached",113000,"185763.807377049180"
424,"Single-family Detached",315000,"185763.807377049180"
425,"Single-family Detached",139000,"185763.807377049180"
426,"Single-family Detached",135000,"185763.807377049180"
427,"Single-family Detached",275000,"185763.807377049180"
428,"Single-family Detached",109008,"185763.807377049180"
429,"Single-family Detached",195400,"185763.807377049180"
430,"Single-family Detached",175000,"185763.807377049180"
432,"Single-family Detached",79900,"185763.807377049180"
434,"Single-family Detached",181000,"185763.807377049180"
436,"Single-family Detached",212000,"185763.807377049180"
437,"Single-family Detached",116000,"185763.807377049180"
438,"Single-family Detached",119000,"185763.807377049180"
439,"Single-family Detached",90350,"185763.807377049180"
440,"Single-family Detached",110000,"185763.807377049180"
441,"Single-family Detached",555000,"185763.807377049180"
443,"Single-family Detached",162900,"185763.807377049180"
445,"Single-family Detached",210000,"185763.807377049180"
446,"Single-family Detached",127500,"185763.807377049180"
447,"Single-family Detached",190000,"185763.807377049180"
448,"Single-family Detached",199900,"185763.807377049180"
449,"Single-family Detached",119500,"185763.807377049180"
450,"Single-family Detached",120000,"185763.807377049180"
451,"Single-family Detached",110000,"185763.807377049180"
452,"Single-family Detached",280000,"185763.807377049180"
453,"Single-family Detached",204000,"185763.807377049180"
454,"Single-family Detached",210000,"185763.807377049180"
456,"Single-family Detached",175500,"185763.807377049180"
457,"Single-family Detached",98000,"185763.807377049180"
458,"Single-family Detached",256000,"185763.807377049180"
459,"Single-family Detached",161000,"185763.807377049180"
460,"Single-family Detached",110000,"185763.807377049180"
461,"Single-family Detached",263435,"185763.807377049180"
462,"Single-family Detached",155000,"185763.807377049180"
463,"Single-family Detached",62383,"185763.807377049180"
464,"Single-family Detached",188700,"185763.807377049180"
465,"Single-family Detached",124000,"185763.807377049180"
467,"Single-family Detached",167000,"185763.807377049180"
469,"Single-family Detached",250000,"185763.807377049180"
470,"Single-family Detached",187000,"185763.807377049180"
472,"Single-family Detached",190000,"185763.807377049180"
474,"Single-family Detached",440000,"185763.807377049180"
476,"Single-family Detached",132500,"185763.807377049180"
477,"Single-family Detached",208900,"185763.807377049180"
478,"Single-family Detached",380000,"185763.807377049180"
479,"Single-family Detached",297000,"185763.807377049180"
480,"Single-family Detached",89471,"185763.807377049180"
481,"Single-family Detached",326000,"185763.807377049180"
482,"Single-family Detached",374000,"185763.807377049180"
483,"Single-family Detached",155000,"185763.807377049180"
485,"Single-family Detached",132500,"185763.807377049180"
486,"Single-family Detached",147000,"185763.807377049180"
487,"Single-family Detached",156000,"185763.807377049180"
488,"Single-family Detached",175000,"185763.807377049180"
492,"Single-family Detached",133000,"185763.807377049180"
493,"Single-family Detached",172785,"185763.807377049180"
494,"Single-family Detached",155000,"185763.807377049180"
495,"Single-family Detached",91300,"185763.807377049180"
496,"Single-family Detached",34900,"185763.807377049180"
497,"Single-family Detached",430000,"185763.807377049180"
498,"Single-family Detached",184000,"185763.807377049180"
499,"Single-family Detached",130000,"185763.807377049180"
500,"Single-family Detached",120000,"185763.807377049180"
502,"Single-family Detached",226700,"185763.807377049180"
503,"Single-family Detached",140000,"185763.807377049180"
504,"Single-family Detached",289000,"185763.807377049180"
507,"Single-family Detached",215000,"185763.807377049180"
508,"Single-family Detached",208300,"185763.807377049180"
509,"Single-family Detached",161000,"185763.807377049180"
510,"Single-family Detached",124500,"185763.807377049180"
511,"Single-family Detached",164900,"185763.807377049180"
513,"Single-family Detached",129900,"185763.807377049180"
514,"Single-family Detached",134000,"185763.807377049180"
515,"Single-family Detached",96500,"185763.807377049180"
516,"Single-family Detached",402861,"185763.807377049180"
517,"Single-family Detached",158000,"185763.807377049180"
518,"Single-family Detached",265000,"185763.807377049180"
519,"Single-family Detached",211000,"185763.807377049180"
520,"Single-family Detached",234000,"185763.807377049180"
522,"Single-family Detached",150000,"185763.807377049180"
523,"Single-family Detached",159000,"185763.807377049180"
524,"Single-family Detached",184750,"185763.807377049180"
525,"Single-family Detached",315750,"185763.807377049180"
526,"Single-family Detached",176000,"185763.807377049180"
527,"Single-family Detached",132000,"185763.807377049180"
528,"Single-family Detached",446261,"185763.807377049180"
529,"Single-family Detached",86000,"185763.807377049180"
530,"Single-family Detached",200624,"185763.807377049180"
531,"Single-family Detached",175000,"185763.807377049180"
532,"Single-family Detached",128000,"185763.807377049180"
533,"Single-family Detached",107500,"185763.807377049180"
534,"Single-family Detached",39300,"185763.807377049180"
535,"Single-family Detached",178000,"185763.807377049180"
537,"Single-family Detached",188000,"185763.807377049180"
538,"Single-family Detached",111250,"185763.807377049180"
539,"Single-family Detached",158000,"185763.807377049180"
540,"Single-family Detached",272000,"185763.807377049180"
541,"Single-family Detached",315000,"185763.807377049180"
542,"Single-family Detached",248000,"185763.807377049180"
543,"Single-family Detached",213250,"185763.807377049180"
545,"Single-family Detached",179665,"185763.807377049180"
546,"Single-family Detached",229000,"185763.807377049180"
547,"Single-family Detached",210000,"185763.807377049180"
548,"Single-family Detached",129500,"185763.807377049180"
549,"Single-family Detached",125000,"185763.807377049180"
550,"Single-family Detached",263000,"185763.807377049180"
552,"Single-family Detached",112500,"185763.807377049180"
553,"Single-family Detached",255500,"185763.807377049180"
554,"Single-family Detached",108000,"185763.807377049180"
555,"Single-family Detached",284000,"185763.807377049180"
556,"Single-family Detached",113000,"185763.807377049180"
557,"Single-family Detached",141000,"185763.807377049180"
558,"Single-family Detached",108000,"185763.807377049180"
559,"Single-family Detached",175000,"185763.807377049180"
561,"Single-family Detached",121500,"185763.807377049180"
562,"Single-family Detached",170000,"185763.807377049180"
563,"Single-family Detached",108000,"185763.807377049180"
564,"Single-family Detached",185000,"185763.807377049180"
565,"Single-family Detached",268000,"185763.807377049180"
566,"Single-family Detached",128000,"185763.807377049180"
567,"Single-family Detached",325000,"185763.807377049180"
568,"Single-family Detached",214000,"185763.807377049180"
569,"Single-family Detached",316600,"185763.807377049180"
572,"Single-family Detached",120000,"185763.807377049180"
573,"Single-family Detached",224500,"185763.807377049180"
574,"Single-family Detached",170000,"185763.807377049180"
575,"Single-family Detached",139000,"185763.807377049180"
576,"Single-family Detached",118500,"185763.807377049180"
577,"Single-family Detached",145000,"185763.807377049180"
578,"Single-family Detached",164500,"185763.807377049180"
580,"Single-family Detached",131500,"185763.807377049180"
581,"Single-family Detached",181900,"185763.807377049180"
582,"Single-family Detached",253293,"185763.807377049180"
584,"Single-family Detached",325000,"185763.807377049180"
585,"Single-family Detached",133000,"185763.807377049180"
586,"Single-family Detached",369900,"185763.807377049180"
587,"Single-family Detached",130000,"185763.807377049180"
588,"Single-family Detached",137000,"185763.807377049180"
589,"Single-family Detached",143000,"185763.807377049180"
590,"Single-family Detached",79500,"185763.807377049180"
591,"Single-family Detached",185900,"185763.807377049180"
592,"Single-family Detached",451950,"185763.807377049180"
593,"Single-family Detached",138000,"185763.807377049180"
595,"Single-family Detached",110000,"185763.807377049180"
939,"Single-family Detached",239799,"185763.807377049180"
596,"Single-family Detached",319000,"185763.807377049180"
597,"Single-family Detached",114504,"185763.807377049180"
599,"Single-family Detached",217500,"185763.807377049180"
601,"Single-family Detached",275000,"185763.807377049180"
602,"Single-family Detached",141000,"185763.807377049180"
603,"Single-family Detached",220000,"185763.807377049180"
605,"Single-family Detached",221000,"185763.807377049180"
606,"Single-family Detached",205000,"185763.807377049180"
607,"Single-family Detached",152000,"185763.807377049180"
608,"Single-family Detached",225000,"185763.807377049180"
609,"Single-family Detached",359100,"185763.807377049180"
610,"Single-family Detached",118500,"185763.807377049180"
611,"Single-family Detached",313000,"185763.807377049180"
612,"Single-family Detached",148000,"185763.807377049180"
613,"Single-family Detached",261500,"185763.807377049180"
614,"Single-family Detached",147000,"185763.807377049180"
616,"Single-family Detached",137500,"185763.807377049180"
617,"Single-family Detached",183200,"185763.807377049180"
618,"Single-family Detached",105500,"185763.807377049180"
619,"Single-family Detached",314813,"185763.807377049180"
620,"Single-family Detached",305000,"185763.807377049180"
621,"Single-family Detached",67000,"185763.807377049180"
622,"Single-family Detached",240000,"185763.807377049180"
623,"Single-family Detached",135000,"185763.807377049180"
625,"Single-family Detached",165150,"185763.807377049180"
626,"Single-family Detached",160000,"185763.807377049180"
627,"Single-family Detached",139900,"185763.807377049180"
628,"Single-family Detached",153000,"185763.807377049180"
629,"Single-family Detached",135000,"185763.807377049180"
630,"Single-family Detached",168500,"185763.807377049180"
631,"Single-family Detached",124000,"185763.807377049180"
633,"Single-family Detached",82500,"185763.807377049180"
634,"Single-family Detached",139400,"185763.807377049180"
637,"Single-family Detached",60000,"185763.807377049180"
940,"Single-family Detached",244400,"185763.807377049180"
639,"Single-family Detached",85000,"185763.807377049180"
642,"Single-family Detached",226000,"185763.807377049180"
643,"Single-family Detached",345000,"185763.807377049180"
644,"Single-family Detached",152000,"185763.807377049180"
645,"Single-family Detached",370878,"185763.807377049180"
646,"Single-family Detached",143250,"185763.807377049180"
647,"Single-family Detached",98300,"185763.807377049180"
648,"Single-family Detached",155000,"185763.807377049180"
649,"Single-family Detached",155000,"185763.807377049180"
651,"Single-family Detached",205950,"185763.807377049180"
652,"Single-family Detached",108000,"185763.807377049180"
653,"Single-family Detached",191000,"185763.807377049180"
654,"Single-family Detached",135000,"185763.807377049180"
655,"Single-family Detached",350000,"185763.807377049180"
657,"Single-family Detached",145500,"185763.807377049180"
658,"Single-family Detached",149000,"185763.807377049180"
659,"Single-family Detached",97500,"185763.807377049180"
660,"Single-family Detached",167000,"185763.807377049180"
661,"Single-family Detached",197900,"185763.807377049180"
662,"Single-family Detached",402000,"185763.807377049180"
663,"Single-family Detached",110000,"185763.807377049180"
664,"Single-family Detached",137500,"185763.807377049180"
665,"Single-family Detached",423000,"185763.807377049180"
666,"Single-family Detached",230500,"185763.807377049180"
667,"Single-family Detached",129000,"185763.807377049180"
668,"Single-family Detached",193500,"185763.807377049180"
669,"Single-family Detached",168000,"185763.807377049180"
670,"Single-family Detached",137500,"185763.807377049180"
671,"Single-family Detached",173500,"185763.807377049180"
672,"Single-family Detached",103600,"185763.807377049180"
673,"Single-family Detached",165000,"185763.807377049180"
674,"Single-family Detached",257500,"185763.807377049180"
675,"Single-family Detached",140000,"185763.807377049180"
677,"Single-family Detached",87000,"185763.807377049180"
678,"Single-family Detached",109500,"185763.807377049180"
679,"Single-family Detached",372500,"185763.807377049180"
680,"Single-family Detached",128500,"185763.807377049180"
682,"Single-family Detached",159434,"185763.807377049180"
683,"Single-family Detached",173000,"185763.807377049180"
684,"Single-family Detached",285000,"185763.807377049180"
685,"Single-family Detached",221000,"185763.807377049180"
687,"Single-family Detached",227875,"185763.807377049180"
689,"Single-family Detached",392000,"185763.807377049180"
692,"Single-family Detached",755000,"185763.807377049180"
693,"Single-family Detached",335000,"185763.807377049180"
694,"Single-family Detached",108480,"185763.807377049180"
695,"Single-family Detached",141500,"185763.807377049180"
696,"Single-family Detached",176000,"185763.807377049180"
697,"Single-family Detached",89000,"185763.807377049180"
698,"Single-family Detached",123500,"185763.807377049180"
699,"Single-family Detached",138500,"185763.807377049180"
701,"Single-family Detached",312500,"185763.807377049180"
702,"Single-family Detached",140000,"185763.807377049180"
703,"Single-family Detached",361919,"185763.807377049180"
705,"Single-family Detached",213000,"185763.807377049180"
707,"Single-family Detached",302000,"185763.807377049180"
709,"Single-family Detached",179540,"185763.807377049180"
710,"Single-family Detached",109900,"185763.807377049180"
711,"Single-family Detached",52000,"185763.807377049180"
712,"Single-family Detached",102776,"185763.807377049180"
715,"Single-family Detached",130500,"185763.807377049180"
716,"Single-family Detached",165000,"185763.807377049180"
717,"Single-family Detached",159500,"185763.807377049180"
718,"Single-family Detached",157000,"185763.807377049180"
719,"Single-family Detached",341000,"185763.807377049180"
720,"Single-family Detached",128500,"185763.807377049180"
721,"Single-family Detached",275000,"185763.807377049180"
723,"Single-family Detached",124500,"185763.807377049180"
724,"Single-family Detached",135000,"185763.807377049180"
725,"Single-family Detached",320000,"185763.807377049180"
726,"Single-family Detached",120500,"185763.807377049180"
727,"Single-family Detached",222000,"185763.807377049180"
728,"Single-family Detached",194500,"185763.807377049180"
730,"Single-family Detached",103000,"185763.807377049180"
732,"Single-family Detached",187500,"185763.807377049180"
733,"Single-family Detached",222500,"185763.807377049180"
734,"Single-family Detached",131400,"185763.807377049180"
735,"Single-family Detached",108000,"185763.807377049180"
736,"Single-family Detached",163000,"185763.807377049180"
738,"Single-family Detached",239900,"185763.807377049180"
740,"Single-family Detached",190000,"185763.807377049180"
741,"Single-family Detached",132000,"185763.807377049180"
742,"Single-family Detached",142000,"185763.807377049180"
743,"Single-family Detached",179000,"185763.807377049180"
744,"Single-family Detached",175000,"185763.807377049180"
746,"Single-family Detached",299800,"185763.807377049180"
747,"Single-family Detached",236000,"185763.807377049180"
748,"Single-family Detached",265979,"185763.807377049180"
749,"Single-family Detached",260400,"185763.807377049180"
750,"Single-family Detached",98000,"185763.807377049180"
751,"Single-family Detached",96500,"185763.807377049180"
752,"Single-family Detached",162000,"185763.807377049180"
753,"Single-family Detached",217000,"185763.807377049180"
754,"Single-family Detached",275500,"185763.807377049180"
755,"Single-family Detached",156000,"185763.807377049180"
757,"Single-family Detached",212000,"185763.807377049180"
758,"Single-family Detached",158900,"185763.807377049180"
760,"Single-family Detached",290000,"185763.807377049180"
761,"Single-family Detached",127500,"185763.807377049180"
762,"Single-family Detached",100000,"185763.807377049180"
763,"Single-family Detached",215200,"185763.807377049180"
764,"Single-family Detached",337000,"185763.807377049180"
809,"Single-family Detached",159950,"185763.807377049180"
766,"Single-family Detached",264132,"185763.807377049180"
767,"Single-family Detached",196500,"185763.807377049180"
768,"Single-family Detached",160000,"185763.807377049180"
769,"Single-family Detached",216837,"185763.807377049180"
770,"Single-family Detached",538000,"185763.807377049180"
771,"Single-family Detached",134900,"185763.807377049180"
772,"Single-family Detached",102000,"185763.807377049180"
773,"Single-family Detached",107000,"185763.807377049180"
774,"Single-family Detached",114500,"185763.807377049180"
775,"Single-family Detached",395000,"185763.807377049180"
777,"Single-family Detached",221500,"185763.807377049180"
778,"Single-family Detached",142500,"185763.807377049180"
781,"Single-family Detached",176000,"185763.807377049180"
782,"Single-family Detached",175900,"185763.807377049180"
783,"Single-family Detached",187100,"185763.807377049180"
784,"Single-family Detached",165500,"185763.807377049180"
785,"Single-family Detached",128000,"185763.807377049180"
786,"Single-family Detached",161500,"185763.807377049180"
787,"Single-family Detached",139000,"185763.807377049180"
788,"Single-family Detached",233000,"185763.807377049180"
789,"Single-family Detached",107900,"185763.807377049180"
790,"Single-family Detached",187500,"185763.807377049180"
792,"Single-family Detached",146800,"185763.807377049180"
793,"Single-family Detached",269790,"185763.807377049180"
794,"Single-family Detached",225000,"185763.807377049180"
795,"Single-family Detached",194500,"185763.807377049180"
796,"Single-family Detached",171000,"185763.807377049180"
797,"Single-family Detached",143500,"185763.807377049180"
798,"Single-family Detached",110000,"185763.807377049180"
799,"Single-family Detached",485000,"185763.807377049180"
800,"Single-family Detached",175000,"185763.807377049180"
801,"Single-family Detached",200000,"185763.807377049180"
802,"Single-family Detached",109900,"185763.807377049180"
803,"Single-family Detached",189000,"185763.807377049180"
804,"Single-family Detached",582933,"185763.807377049180"
805,"Single-family Detached",118000,"185763.807377049180"
806,"Single-family Detached",227680,"185763.807377049180"
807,"Single-family Detached",135500,"185763.807377049180"
808,"Single-family Detached",223500,"185763.807377049180"
810,"Single-family Detached",106000,"185763.807377049180"
811,"Single-family Detached",181000,"185763.807377049180"
813,"Single-family Detached",55993,"185763.807377049180"
814,"Single-family Detached",157900,"185763.807377049180"
815,"Single-family Detached",116000,"185763.807377049180"
816,"Single-family Detached",224900,"185763.807377049180"
817,"Single-family Detached",137000,"185763.807377049180"
818,"Single-family Detached",271000,"185763.807377049180"
819,"Single-family Detached",155000,"185763.807377049180"
821,"Single-family Detached",183000,"185763.807377049180"
823,"Single-family Detached",225000,"185763.807377049180"
824,"Single-family Detached",139500,"185763.807377049180"
825,"Single-family Detached",232600,"185763.807377049180"
826,"Single-family Detached",385000,"185763.807377049180"
827,"Single-family Detached",109500,"185763.807377049180"
828,"Single-family Detached",189000,"185763.807377049180"
829,"Single-family Detached",185000,"185763.807377049180"
831,"Single-family Detached",166000,"185763.807377049180"
833,"Single-family Detached",237000,"185763.807377049180"
834,"Single-family Detached",167000,"185763.807377049180"
835,"Single-family Detached",139950,"185763.807377049180"
836,"Single-family Detached",128000,"185763.807377049180"
837,"Single-family Detached",153500,"185763.807377049180"
839,"Single-family Detached",144000,"185763.807377049180"
840,"Single-family Detached",130500,"185763.807377049180"
841,"Single-family Detached",140000,"185763.807377049180"
842,"Single-family Detached",157500,"185763.807377049180"
843,"Single-family Detached",174900,"185763.807377049180"
845,"Single-family Detached",153900,"185763.807377049180"
846,"Single-family Detached",171000,"185763.807377049180"
847,"Single-family Detached",213000,"185763.807377049180"
848,"Single-family Detached",133500,"185763.807377049180"
849,"Single-family Detached",240000,"185763.807377049180"
850,"Single-family Detached",187000,"185763.807377049180"
853,"Single-family Detached",164000,"185763.807377049180"
854,"Single-family Detached",158000,"185763.807377049180"
855,"Single-family Detached",170000,"185763.807377049180"
856,"Single-family Detached",127000,"185763.807377049180"
857,"Single-family Detached",147000,"185763.807377049180"
858,"Single-family Detached",174000,"185763.807377049180"
859,"Single-family Detached",152000,"185763.807377049180"
860,"Single-family Detached",250000,"185763.807377049180"
861,"Single-family Detached",189950,"185763.807377049180"
863,"Single-family Detached",152000,"185763.807377049180"
864,"Single-family Detached",132500,"185763.807377049180"
865,"Single-family Detached",250580,"185763.807377049180"
866,"Single-family Detached",148500,"185763.807377049180"
867,"Single-family Detached",248900,"185763.807377049180"
868,"Single-family Detached",129000,"185763.807377049180"
869,"Single-family Detached",169000,"185763.807377049180"
870,"Single-family Detached",236000,"185763.807377049180"
871,"Single-family Detached",109500,"185763.807377049180"
872,"Single-family Detached",200500,"185763.807377049180"
873,"Single-family Detached",116000,"185763.807377049180"
874,"Single-family Detached",133000,"185763.807377049180"
875,"Single-family Detached",66500,"185763.807377049180"
876,"Single-family Detached",303477,"185763.807377049180"
877,"Single-family Detached",132250,"185763.807377049180"
878,"Single-family Detached",350000,"185763.807377049180"
879,"Single-family Detached",148000,"185763.807377049180"
880,"Single-family Detached",136500,"185763.807377049180"
881,"Single-family Detached",157000,"185763.807377049180"
882,"Single-family Detached",187500,"185763.807377049180"
883,"Single-family Detached",178000,"185763.807377049180"
884,"Single-family Detached",118500,"185763.807377049180"
885,"Single-family Detached",100000,"185763.807377049180"
888,"Single-family Detached",135500,"185763.807377049180"
889,"Single-family Detached",268000,"185763.807377049180"
890,"Single-family Detached",149500,"185763.807377049180"
891,"Single-family Detached",122900,"185763.807377049180"
892,"Single-family Detached",172500,"185763.807377049180"
893,"Single-family Detached",154500,"185763.807377049180"
894,"Single-family Detached",165000,"185763.807377049180"
896,"Single-family Detached",140000,"185763.807377049180"
897,"Single-family Detached",106500,"185763.807377049180"
899,"Single-family Detached",611657,"185763.807377049180"
900,"Single-family Detached",135000,"185763.807377049180"
901,"Single-family Detached",110000,"185763.807377049180"
902,"Single-family Detached",153000,"185763.807377049180"
903,"Single-family Detached",180000,"185763.807377049180"
904,"Single-family Detached",240000,"185763.807377049180"
905,"Single-family Detached",125500,"185763.807377049180"
906,"Single-family Detached",128000,"185763.807377049180"
907,"Single-family Detached",255000,"185763.807377049180"
908,"Single-family Detached",250000,"185763.807377049180"
909,"Single-family Detached",131000,"185763.807377049180"
910,"Single-family Detached",174000,"185763.807377049180"
912,"Single-family Detached",143500,"185763.807377049180"
913,"Single-family Detached",88000,"185763.807377049180"
917,"Single-family Detached",35311,"185763.807377049180"
918,"Single-family Detached",135000,"185763.807377049180"
919,"Single-family Detached",238000,"185763.807377049180"
920,"Single-family Detached",176500,"185763.807377049180"
921,"Single-family Detached",201000,"185763.807377049180"
923,"Single-family Detached",169990,"185763.807377049180"
925,"Single-family Detached",207500,"185763.807377049180"
926,"Single-family Detached",175000,"185763.807377049180"
927,"Single-family Detached",285000,"185763.807377049180"
928,"Single-family Detached",176000,"185763.807377049180"
929,"Single-family Detached",236500,"185763.807377049180"
930,"Single-family Detached",222000,"185763.807377049180"
931,"Single-family Detached",201000,"185763.807377049180"
932,"Single-family Detached",117500,"185763.807377049180"
933,"Single-family Detached",320000,"185763.807377049180"
934,"Single-family Detached",190000,"185763.807377049180"
935,"Single-family Detached",242000,"185763.807377049180"
936,"Single-family Detached",79900,"185763.807377049180"
937,"Single-family Detached",184900,"185763.807377049180"
942,"Single-family Detached",214000,"185763.807377049180"
945,"Single-family Detached",137500,"185763.807377049180"
946,"Single-family Detached",124900,"185763.807377049180"
947,"Single-family Detached",143000,"185763.807377049180"
948,"Single-family Detached",270000,"185763.807377049180"
949,"Single-family Detached",192500,"185763.807377049180"
950,"Single-family Detached",197500,"185763.807377049180"
951,"Single-family Detached",129000,"185763.807377049180"
952,"Single-family Detached",119900,"185763.807377049180"
953,"Single-family Detached",133900,"185763.807377049180"
954,"Single-family Detached",172000,"185763.807377049180"
958,"Single-family Detached",132000,"185763.807377049180"
959,"Single-family Detached",185000,"185763.807377049180"
961,"Single-family Detached",116500,"185763.807377049180"
962,"Single-family Detached",272000,"185763.807377049180"
964,"Single-family Detached",239000,"185763.807377049180"
965,"Single-family Detached",214900,"185763.807377049180"
966,"Single-family Detached",178900,"185763.807377049180"
967,"Single-family Detached",160000,"185763.807377049180"
968,"Single-family Detached",135000,"185763.807377049180"
969,"Single-family Detached",37900,"185763.807377049180"
971,"Single-family Detached",135000,"185763.807377049180"
974,"Single-family Detached",182000,"185763.807377049180"
975,"Single-family Detached",167500,"185763.807377049180"
977,"Single-family Detached",85500,"185763.807377049180"
979,"Single-family Detached",110000,"185763.807377049180"
980,"Single-family Detached",139000,"185763.807377049180"
981,"Single-family Detached",178400,"185763.807377049180"
982,"Single-family Detached",336000,"185763.807377049180"
983,"Single-family Detached",159895,"185763.807377049180"
984,"Single-family Detached",255900,"185763.807377049180"
987,"Single-family Detached",117000,"185763.807377049180"
988,"Single-family Detached",395192,"185763.807377049180"
989,"Single-family Detached",195000,"185763.807377049180"
990,"Single-family Detached",197000,"185763.807377049180"
991,"Single-family Detached",348000,"185763.807377049180"
992,"Single-family Detached",168000,"185763.807377049180"
993,"Single-family Detached",187000,"185763.807377049180"
994,"Single-family Detached",173900,"185763.807377049180"
995,"Single-family Detached",337500,"185763.807377049180"
996,"Single-family Detached",121600,"185763.807377049180"
997,"Single-family Detached",136500,"185763.807377049180"
998,"Single-family Detached",185000,"185763.807377049180"
999,"Single-family Detached",91000,"185763.807377049180"
1000,"Single-family Detached",206000,"185763.807377049180"
1001,"Single-family Detached",82000,"185763.807377049180"
1002,"Single-family Detached",86000,"185763.807377049180"
1003,"Single-family Detached",232000,"185763.807377049180"
1006,"Single-family Detached",149900,"185763.807377049180"
1007,"Single-family Detached",163500,"185763.807377049180"
1009,"Single-family Detached",240000,"185763.807377049180"
1010,"Single-family Detached",102000,"185763.807377049180"
1011,"Single-family Detached",135000,"185763.807377049180"
1013,"Single-family Detached",165000,"185763.807377049180"
1014,"Single-family Detached",85000,"185763.807377049180"
1015,"Single-family Detached",119200,"185763.807377049180"
1016,"Single-family Detached",227000,"185763.807377049180"
1017,"Single-family Detached",203000,"185763.807377049180"
1019,"Single-family Detached",160000,"185763.807377049180"
1021,"Single-family Detached",176000,"185763.807377049180"
1022,"Single-family Detached",194000,"185763.807377049180"
1023,"Single-family Detached",87000,"185763.807377049180"
1025,"Single-family Detached",287000,"185763.807377049180"
1026,"Single-family Detached",112500,"185763.807377049180"
1027,"Single-family Detached",167500,"185763.807377049180"
1028,"Single-family Detached",293077,"185763.807377049180"
1029,"Single-family Detached",105000,"185763.807377049180"
1032,"Single-family Detached",197000,"185763.807377049180"
1033,"Single-family Detached",310000,"185763.807377049180"
1034,"Single-family Detached",230000,"185763.807377049180"
1035,"Single-family Detached",119750,"185763.807377049180"
1036,"Single-family Detached",84000,"185763.807377049180"
1037,"Single-family Detached",315500,"185763.807377049180"
1038,"Single-family Detached",287000,"185763.807377049180"
1041,"Single-family Detached",155000,"185763.807377049180"
1042,"Single-family Detached",173000,"185763.807377049180"
1044,"Single-family Detached",262280,"185763.807377049180"
1045,"Single-family Detached",278000,"185763.807377049180"
1046,"Single-family Detached",139600,"185763.807377049180"
1047,"Single-family Detached",556581,"185763.807377049180"
1048,"Single-family Detached",145000,"185763.807377049180"
1049,"Single-family Detached",115000,"185763.807377049180"
1050,"Single-family Detached",84900,"185763.807377049180"
1051,"Single-family Detached",176485,"185763.807377049180"
1052,"Single-family Detached",200141,"185763.807377049180"
1053,"Single-family Detached",165000,"185763.807377049180"
1054,"Single-family Detached",144500,"185763.807377049180"
1055,"Single-family Detached",255000,"185763.807377049180"
1056,"Single-family Detached",180000,"185763.807377049180"
1058,"Single-family Detached",248000,"185763.807377049180"
1059,"Single-family Detached",335000,"185763.807377049180"
1060,"Single-family Detached",220000,"185763.807377049180"
1062,"Single-family Detached",81000,"185763.807377049180"
1064,"Single-family Detached",110500,"185763.807377049180"
1065,"Single-family Detached",154000,"185763.807377049180"
1066,"Single-family Detached",328000,"185763.807377049180"
1067,"Single-family Detached",178000,"185763.807377049180"
1068,"Single-family Detached",167900,"185763.807377049180"
1070,"Single-family Detached",135000,"185763.807377049180"
1071,"Single-family Detached",135000,"185763.807377049180"
1072,"Single-family Detached",154000,"185763.807377049180"
1073,"Single-family Detached",91500,"185763.807377049180"
1074,"Single-family Detached",159500,"185763.807377049180"
1075,"Single-family Detached",194000,"185763.807377049180"
1076,"Single-family Detached",219500,"185763.807377049180"
1077,"Single-family Detached",170000,"185763.807377049180"
1078,"Single-family Detached",138800,"185763.807377049180"
1080,"Single-family Detached",126000,"185763.807377049180"
1081,"Single-family Detached",145000,"185763.807377049180"
1082,"Single-family Detached",133000,"185763.807377049180"
1083,"Single-family Detached",192000,"185763.807377049180"
1084,"Single-family Detached",160000,"185763.807377049180"
1085,"Single-family Detached",187500,"185763.807377049180"
1086,"Single-family Detached",147000,"185763.807377049180"
1088,"Single-family Detached",252000,"185763.807377049180"
1093,"Single-family Detached",136500,"185763.807377049180"
1094,"Single-family Detached",146000,"185763.807377049180"
1095,"Single-family Detached",129000,"185763.807377049180"
1096,"Single-family Detached",176432,"185763.807377049180"
1097,"Single-family Detached",127000,"185763.807377049180"
1099,"Single-family Detached",128000,"185763.807377049180"
1100,"Single-family Detached",157000,"185763.807377049180"
1101,"Single-family Detached",60000,"185763.807377049180"
1102,"Single-family Detached",119500,"185763.807377049180"
1103,"Single-family Detached",135000,"185763.807377049180"
1104,"Single-family Detached",159500,"185763.807377049180"
1106,"Single-family Detached",325000,"185763.807377049180"
1107,"Single-family Detached",179900,"185763.807377049180"
1108,"Single-family Detached",274725,"185763.807377049180"
1109,"Single-family Detached",181000,"185763.807377049180"
1110,"Single-family Detached",280000,"185763.807377049180"
1111,"Single-family Detached",188000,"185763.807377049180"
1112,"Single-family Detached",205000,"185763.807377049180"
1113,"Single-family Detached",129900,"185763.807377049180"
1114,"Single-family Detached",134500,"185763.807377049180"
1115,"Single-family Detached",117000,"185763.807377049180"
1116,"Single-family Detached",318000,"185763.807377049180"
1117,"Single-family Detached",184100,"185763.807377049180"
1118,"Single-family Detached",130000,"185763.807377049180"
1119,"Single-family Detached",140000,"185763.807377049180"
1120,"Single-family Detached",133700,"185763.807377049180"
1121,"Single-family Detached",118400,"185763.807377049180"
1122,"Single-family Detached",212900,"185763.807377049180"
1123,"Single-family Detached",112000,"185763.807377049180"
1124,"Single-family Detached",118000,"185763.807377049180"
1125,"Single-family Detached",163900,"185763.807377049180"
1126,"Single-family Detached",115000,"185763.807377049180"
1128,"Single-family Detached",259000,"185763.807377049180"
1129,"Single-family Detached",215000,"185763.807377049180"
1131,"Single-family Detached",135000,"185763.807377049180"
1132,"Single-family Detached",93500,"185763.807377049180"
1133,"Single-family Detached",117500,"185763.807377049180"
1134,"Single-family Detached",239500,"185763.807377049180"
1135,"Single-family Detached",169000,"185763.807377049180"
1136,"Single-family Detached",102000,"185763.807377049180"
1137,"Single-family Detached",119000,"185763.807377049180"
1138,"Single-family Detached",94000,"185763.807377049180"
1139,"Single-family Detached",196000,"185763.807377049180"
1140,"Single-family Detached",144000,"185763.807377049180"
1141,"Single-family Detached",139000,"185763.807377049180"
1142,"Single-family Detached",197500,"185763.807377049180"
1143,"Single-family Detached",424870,"185763.807377049180"
1144,"Single-family Detached",80000,"185763.807377049180"
1146,"Single-family Detached",149000,"185763.807377049180"
1147,"Single-family Detached",180000,"185763.807377049180"
1148,"Single-family Detached",174500,"185763.807377049180"
1149,"Single-family Detached",116900,"185763.807377049180"
1150,"Single-family Detached",143000,"185763.807377049180"
1151,"Single-family Detached",124000,"185763.807377049180"
1152,"Single-family Detached",149900,"185763.807377049180"
1153,"Single-family Detached",230000,"185763.807377049180"
1154,"Single-family Detached",120500,"185763.807377049180"
1155,"Single-family Detached",201800,"185763.807377049180"
1156,"Single-family Detached",218000,"185763.807377049180"
1157,"Single-family Detached",179900,"185763.807377049180"
1159,"Single-family Detached",235128,"185763.807377049180"
1160,"Single-family Detached",185000,"185763.807377049180"
1162,"Single-family Detached",224000,"185763.807377049180"
1163,"Single-family Detached",129000,"185763.807377049180"
1165,"Single-family Detached",194000,"185763.807377049180"
1166,"Single-family Detached",233170,"185763.807377049180"
1167,"Single-family Detached",245350,"185763.807377049180"
1168,"Single-family Detached",173000,"185763.807377049180"
1169,"Single-family Detached",235000,"185763.807377049180"
1170,"Single-family Detached",625000,"185763.807377049180"
1171,"Single-family Detached",171000,"185763.807377049180"
1172,"Single-family Detached",163000,"185763.807377049180"
1174,"Single-family Detached",200500,"185763.807377049180"
1175,"Single-family Detached",239000,"185763.807377049180"
1176,"Single-family Detached",285000,"185763.807377049180"
1177,"Single-family Detached",119500,"185763.807377049180"
1178,"Single-family Detached",115000,"185763.807377049180"
1179,"Single-family Detached",154900,"185763.807377049180"
1180,"Single-family Detached",93000,"185763.807377049180"
1181,"Single-family Detached",250000,"185763.807377049180"
1183,"Single-family Detached",745000,"185763.807377049180"
1184,"Single-family Detached",120000,"185763.807377049180"
1185,"Single-family Detached",186700,"185763.807377049180"
1186,"Single-family Detached",104900,"185763.807377049180"
1188,"Single-family Detached",262000,"185763.807377049180"
1189,"Single-family Detached",195000,"185763.807377049180"
1190,"Single-family Detached",189000,"185763.807377049180"
1193,"Single-family Detached",125000,"185763.807377049180"
1195,"Single-family Detached",158000,"185763.807377049180"
1196,"Single-family Detached",176000,"185763.807377049180"
1197,"Single-family Detached",219210,"185763.807377049180"
1198,"Single-family Detached",144000,"185763.807377049180"
1199,"Single-family Detached",178000,"185763.807377049180"
1200,"Single-family Detached",148000,"185763.807377049180"
1201,"Single-family Detached",116050,"185763.807377049180"
1202,"Single-family Detached",197900,"185763.807377049180"
1203,"Single-family Detached",117000,"185763.807377049180"
1204,"Single-family Detached",213000,"185763.807377049180"
1205,"Single-family Detached",153500,"185763.807377049180"
1206,"Single-family Detached",271900,"185763.807377049180"
1207,"Single-family Detached",107000,"185763.807377049180"
1208,"Single-family Detached",200000,"185763.807377049180"
1209,"Single-family Detached",140000,"185763.807377049180"
1210,"Single-family Detached",290000,"185763.807377049180"
1211,"Single-family Detached",189000,"185763.807377049180"
1212,"Single-family Detached",164000,"185763.807377049180"
1213,"Single-family Detached",113000,"185763.807377049180"
1214,"Single-family Detached",145000,"185763.807377049180"
1215,"Single-family Detached",134500,"185763.807377049180"
1216,"Single-family Detached",125000,"185763.807377049180"
1218,"Single-family Detached",229456,"185763.807377049180"
1219,"Single-family Detached",80500,"185763.807377049180"
1221,"Single-family Detached",115000,"185763.807377049180"
1222,"Single-family Detached",134000,"185763.807377049180"
1223,"Single-family Detached",143000,"185763.807377049180"
1224,"Single-family Detached",137900,"185763.807377049180"
1225,"Single-family Detached",184000,"185763.807377049180"
1226,"Single-family Detached",145000,"185763.807377049180"
1227,"Single-family Detached",214000,"185763.807377049180"
1228,"Single-family Detached",147000,"185763.807377049180"
1230,"Single-family Detached",127000,"185763.807377049180"
1234,"Single-family Detached",142000,"185763.807377049180"
1235,"Single-family Detached",130000,"185763.807377049180"
1236,"Single-family Detached",138887,"185763.807377049180"
1238,"Single-family Detached",195000,"185763.807377049180"
691,"Townhouse End Unit",141000,"181959.342105263158"
373,"Townhouse End Unit",125000,"181959.342105263158"
1422,"Townhouse End Unit",127500,"181959.342105263158"
1069,"Townhouse End Unit",151400,"181959.342105263158"
286,"Townhouse End Unit",164700,"181959.342105263158"
220,"Townhouse End Unit",167240,"181959.342105263158"
776,"Townhouse End Unit",162000,"181959.342105263158"
466,"Townhouse End Unit",178740,"181959.342105263158"
116,"Townhouse End Unit",176000,"181959.342105263158"
1008,"Townhouse End Unit",88000,"181959.342105263158"
24,"Townhouse End Unit",129900,"181959.342105263158"
471,"Townhouse End Unit",212000,"181959.342105263158"
640,"Townhouse End Unit",264561,"181959.342105263158"
473,"Townhouse End Unit",148000,"181959.342105263158"
641,"Townhouse End Unit",274000,"181959.342105263158"
475,"Townhouse End Unit",251000,"181959.342105263158"
244,"Townhouse End Unit",120000,"181959.342105263158"
236,"Townhouse End Unit",89500,"181959.342105263158"
1182,"Townhouse End Unit",392500,"181959.342105263158"
1368,"Townhouse End Unit",127000,"181959.342105263158"
1265,"Townhouse End Unit",181000,"181959.342105263158"
1266,"Townhouse End Unit",183900,"181959.342105263158"
820,"Townhouse End Unit",224000,"181959.342105263158"
1229,"Townhouse End Unit",367294,"181959.342105263158"
1365,"Townhouse End Unit",144152,"181959.342105263158"
560,"Townhouse End Unit",234000,"181959.342105263158"
63,"Townhouse End Unit",202500,"181959.342105263158"
1005,"Townhouse End Unit",181000,"181959.342105263158"
82,"Townhouse End Unit",153500,"181959.342105263158"
127,"Townhouse End Unit",128000,"181959.342105263158"
713,"Townhouse End Unit",189000,"181959.342105263158"
491,"Townhouse End Unit",115000,"181959.342105263158"
1079,"Townhouse End Unit",155900,"181959.342105263158"
791,"Townhouse End Unit",160200,"181959.342105263158"
1020,"Townhouse End Unit",213490,"181959.342105263158"
1305,"Townhouse End Unit",130000,"181959.342105263158"
1369,"Townhouse End Unit",144000,"181959.342105263158"
1307,"Townhouse End Unit",202500,"181959.342105263158"
1105,"Townhouse End Unit",106000,"181959.342105263158"
1395,"Townhouse End Unit",246578,"181959.342105263158"
1098,"Townhouse End Unit",170000,"181959.342105263158"
386,"Townhouse End Unit",192000,"181959.342105263158"
1040,"Townhouse End Unit",80000,"181959.342105263158"
681,"Townhouse End Unit",143000,"181959.342105263158"
285,"Townhouse End Unit",179200,"181959.342105263158"
722,"Townhouse End Unit",143000,"181959.342105263158"
1024,"Townhouse End Unit",191000,"181959.342105263158"
35,"Townhouse End Unit",277500,"181959.342105263158"
173,"Townhouse End Unit",239000,"181959.342105263158"
1090,"Townhouse End Unit",197000,"181959.342105263158"
957,"Townhouse End Unit",124000,"181959.342105263158"
851,"Townhouse End Unit",131500,"181959.342105263158"
579,"Townhouse End Unit",146000,"181959.342105263158"
358,"Townhouse End Unit",134000,"181959.342105263158"
852,"Townhouse End Unit",215000,"181959.342105263158"
731,"Townhouse End Unit",236500,"181959.342105263158"
401,"Townhouse End Unit",245500,"181959.342105263158"
924,"Townhouse End Unit",193000,"181959.342105263158"
544,"Townhouse End Unit",133000,"181959.342105263158"
1416,"Townhouse End Unit",175900,"181959.342105263158"
686,"Townhouse End Unit",207500,"181959.342105263158"
700,"Townhouse End Unit",196000,"181959.342105263158"
1018,"Townhouse End Unit",187500,"181959.342105263158"
252,"Townhouse End Unit",235000,"181959.342105263158"
963,"Townhouse End Unit",155000,"181959.342105263158"
812,"Townhouse End Unit",144500,"181959.342105263158"
1432,"Townhouse End Unit",143750,"181959.342105263158"
1298,"Townhouse End Unit",140000,"181959.342105263158"
1087,"Townhouse End Unit",83500,"181959.342105263158"
594,"Townhouse End Unit",140000,"181959.342105263158"
512,"Townhouse End Unit",202665,"181959.342105263158"
1194,"Townhouse End Unit",165000,"181959.342105263158"
1252,"Townhouse End Unit",171750,"181959.342105263158"
745,"Townhouse End Unit",180000,"181959.342105263158"
598,"Townhouse End Unit",194201,"181959.342105263158"
1442,"Townhouse End Unit",149300,"181959.342105263158"
344,"Townhouse End Unit",266000,"181959.342105263158"
690,"Townhouse End Unit",194700,"181959.342105263158"
1335,"Townhouse End Unit",125000,"181959.342105263158"
345,"Townhouse End Unit",85000,"181959.342105263158"
1453,"Townhouse End Unit",145000,"181959.342105263158"
604,"Townhouse End Unit",151000,"181959.342105263158"
688,"Townhouse End Unit",148800,"181959.342105263158"
973,"Townhouse End Unit",99500,"181959.342105263158"
46,"Townhouse End Unit",319900,"181959.342105263158"
88,"Townhouse End Unit",164500,"181959.342105263158"
351,"Townhouse End Unit",318061,"181959.342105263158"
832,"Townhouse End Unit",151000,"181959.342105263158"
433,"Townhouse End Unit",122500,"181959.342105263158"
1289,"Townhouse End Unit",278000,"181959.342105263158"
1423,"Townhouse End Unit",136500,"181959.342105263158"
756,"Townhouse End Unit",172500,"181959.342105263158"
978,"Townhouse End Unit",199900,"181959.342105263158"
1057,"Townhouse End Unit",185850,"181959.342105263158"
551,"Townhouse End Unit",140000,"181959.342105263158"
615,"Townhouse End Unit",75500,"181959.342105263158"
1173,"Townhouse End Unit",171900,"181959.342105263158"
915,"Townhouse End Unit",173733,"181959.342105263158"
1406,"Townhouse End Unit",275000,"181959.342105263158"
444,"Townhouse End Unit",172500,"181959.342105263158"
124,"Townhouse End Unit",153900,"181959.342105263158"
1061,"Townhouse End Unit",213500,"181959.342105263158"
204,"Townhouse End Unit",149000,"181959.342105263158"
190,"Townhouse End Unit",286000,"181959.342105263158"
765,"Townhouse End Unit",270000,"181959.342105263158"
327,"Townhouse End Unit",324000,"181959.342105263158"
624,"Townhouse End Unit",168500,"181959.342105263158"
505,"Townhouse End Unit",147000,"181959.342105263158"
708,"Townhouse End Unit",254000,"181959.342105263158"
1318,"Townhouse End Unit",208900,"181959.342105263158"
334,"Townhouse End Unit",207000,"181959.342105263158"
886,"Townhouse End Unit",328900,"181959.342105263158"
230,"Townhouse End Unit",192500,"181959.342105263158"
1127,"Townhouse End Unit",174000,"181959.342105263158"
916,"Townhouse Inside Unit",75000,"135911.627906976744"
349,"Townhouse Inside Unit",154000,"135911.627906976744"
1237,"Townhouse Inside Unit",175500,"135911.627906976744"
1030,"Townhouse Inside Unit",118000,"135911.627906976744"
830,"Townhouse Inside Unit",147400,"135911.627906976744"
194,"Townhouse Inside Unit",130000,"135911.627906976744"
364,"Townhouse Inside Unit",118000,"135911.627906976744"
181,"Townhouse Inside Unit",177000,"135911.627906976744"
57,"Townhouse Inside Unit",172500,"135911.627906976744"
838,"Townhouse Inside Unit",100000,"135911.627906976744"
1039,"Townhouse Inside Unit",97000,"135911.627906976744"
233,"Townhouse Inside Unit",94500,"135911.627906976744"
1158,"Townhouse Inside Unit",230000,"135911.627906976744"
283,"Townhouse Inside Unit",207500,"135911.627906976744"
1043,"Townhouse Inside Unit",196000,"135911.627906976744"
960,"Townhouse Inside Unit",155000,"135911.627906976744"
1161,"Townhouse Inside Unit",146000,"135911.627906976744"
600,"Townhouse Inside Unit",151000,"135911.627906976744"
972,"Townhouse Inside Unit",173000,"135911.627906976744"
431,"Townhouse Inside Unit",85400,"135911.627906976744"
976,"Townhouse Inside Unit",165000,"135911.627906976744"
435,"Townhouse Inside Unit",81000,"135911.627906976744"
759,"Townhouse Inside Unit",179400,"135911.627906976744"
1450,"Townhouse Inside Unit",92000,"135911.627906976744"
1220,"Townhouse Inside Unit",91500,"135911.627906976744"
146,"Townhouse Inside Unit",130000,"135911.627906976744"
1292,"Townhouse Inside Unit",119500,"135911.627906976744"
1359,"Townhouse Inside Unit",177500,"135911.627906976744"
632,"Townhouse Inside Unit",209500,"135911.627906976744"
228,"Townhouse Inside Unit",106000,"135911.627906976744"
226,"Townhouse Inside Unit",112000,"135911.627906976744"
484,"Townhouse Inside Unit",164000,"135911.627906976744"
650,"Townhouse Inside Unit",84500,"135911.627906976744"
490,"Townhouse Inside Unit",86000,"135911.627906976744"
656,"Townhouse Inside Unit",88000,"135911.627906976744"
76,"Townhouse Inside Unit",91000,"135911.627906976744"
501,"Townhouse Inside Unit",113000,"135911.627906976744"
1192,"Townhouse Inside Unit",174000,"135911.627906976744"
1379,"Townhouse Inside Unit",83000,"135911.627906976744"
1089,"Townhouse Inside Unit",137500,"135911.627906976744"
196,"Townhouse Inside Unit",148500,"135911.627906976744"
676,"Townhouse Inside Unit",148500,"135911.627906976744"
1092,"Townhouse Inside Unit",160000,"135911.627906976744"
636,"Two-family Conversion; originally built as one-family dwelling",200000,"128432.258064516129"
704,"Two-family Conversion; originally built as one-family dwelling",140000,"128432.258064516129"
1063,"Two-family Conversion; originally built as one-family dwelling",90000,"128432.258064516129"
986,"Two-family Conversion; originally built as one-family dwelling",125000,"128432.258064516129"
126,"Two-family Conversion; originally built as one-family dwelling",84500,"128432.258064516129"
10,"Two-family Conversion; originally built as one-family dwelling",118000,"128432.258064516129"
336,"Two-family Conversion; originally built as one-family dwelling",228950,"128432.258064516129"
970,"Two-family Conversion; originally built as one-family dwelling",140000,"128432.258064516129"
862,"Two-family Conversion; originally built as one-family dwelling",131500,"128432.258064516129"
49,"Two-family Conversion; originally built as one-family dwelling",113000,"128432.258064516129"
1145,"Two-family Conversion; originally built as one-family dwelling",80000,"128432.258064516129"
94,"Two-family Conversion; originally built as one-family dwelling",133900,"128432.258064516129"
412,"Two-family Conversion; originally built as one-family dwelling",145000,"128432.258064516129"
1031,"Two-family Conversion; originally built as one-family dwelling",160000,"128432.258064516129"
1394,"Two-family Conversion; originally built as one-family dwelling",163000,"128432.258064516129"
822,"Two-family Conversion; originally built as one-family dwelling",93000,"128432.258064516129"
247,"Two-family Conversion; originally built as one-family dwelling",137000,"128432.258064516129"
1417,"Two-family Conversion; originally built as one-family dwelling",122500,"128432.258064516129"
521,"Two-family Conversion; originally built as one-family dwelling",106250,"128432.258064516129"
292,"Two-family Conversion; originally built as one-family dwelling",135900,"128432.258064516129"
166,"Two-family Conversion; originally built as one-family dwelling",127500,"128432.258064516129"
301,"Two-family Conversion; originally built as one-family dwelling",157000,"128432.258064516129"
313,"Two-family Conversion; originally built as one-family dwelling",119900,"128432.258064516129"
489,"Two-family Conversion; originally built as one-family dwelling",160000,"128432.258064516129"
1187,"Two-family Conversion; originally built as one-family dwelling",95000,"128432.258064516129"
714,"Two-family Conversion; originally built as one-family dwelling",129000,"128432.258064516129"
1267,"Two-family Conversion; originally built as one-family dwelling",122000,"128432.258064516129"
638,"Two-family Conversion; originally built as one-family dwelling",93000,"128432.258064516129"
1191,"Two-family Conversion; originally built as one-family dwelling",168000,"128432.258064516129"
706,"Two-family Conversion; originally built as one-family dwelling",55000,"128432.258064516129"
536,"Two-family Conversion; originally built as one-family dwelling",107500,"128432.258064516129"
